strategy,success_rate,mean_time,std_time,mean_iters,std_iters,mean_restarts,mean_final_conflicts
best-improvement,0.0,0.001436662397463806,0.0007468963032955555,2.8666666666666667,0.6182412330330469,1.0,4.366666666666666
first-improvement,0.0,0.0008275467679292585,0.0006127253769247615,3.6,0.9521904571390466,1.0,4.4
best-sideways,0.0,0.018656767603048744,0.0010001487055197626,52.86666666666667,0.6182412330330469,1.0,4.366666666666666
best-random-restart,0.03333333333333333,0.01840510640079932,0.0012279991064393545,52.56666666666667,2.7041120949809425,19.933333333333334,1.6
