run_id,seed_used,success,restarts_used,total_iterations,time_s,final_conflicts,used_sideways,solution
1,99,False,20,1113,0.45535229600500315,2,,"[0, 3, 6, 4, 1, 4, 0, 5]"
2,100,False,20,1173,0.45474231799016707,2,,"[5, 7, 0, 4, 6, 1, 6, 4]"
3,101,False,20,1149,0.49973111199506093,1,,"[3, 1, 7, 4, 6, 0, 2, 4]"
4,102,False,20,1125,0.44977044699771795,1,,"[5, 2, 6, 1, 7, 4, 0, 0]"
5,103,False,20,1121,0.4610546140029328,1,,"[7, 1, 4, 7, 5, 0, 2, 6]"
